Text,Score
إذا كانت بيئة العمل لا تستند إلى نظام تشغيل آمن قادر على الحفاظ على مجال لتنفيذه الخاص، وقادر على حماية رموز التطبيقات من التخريب الخبيث، وقادر على حماية النظام من الرموز المدمرة، فإن الدرجات العالية من الأمن غير ممكنة لأسباب مفهومة. في حين أن مثل هذه الأنظمة التشغيلية الآمنة ممكنة وتم تنفيذها، فمعظم النظم التجارية تقع في فئة «الأمن المنخفض» لأنها تعتمد على ميزات غير معتمدة من قبل أنظمة التشغيل الآمنة (مثل النقل، إلخ). في بيئات التشغيل المنخفضة الأمن، يجب أن يعتمد على التطبيقات للمشاركة في حماية أنفسها. هناك ممارسات ترميز آمنة ذات 'جهدأفضل ' يمكن اتباعها لجعل التطبيق أكثر مقاومة للتخريب الخبيث.,9.5
احتمال أن يشكل تهديدا سوف تستخدم من التعرض للضرر يتسبب في خطر. عندما لا يشكل تهديدا استخدام الضعف لإلحاق الاذى، لما له من أثر. في سياق أمن المعلومات، وأثر هو خسارة لتوافر والنزاهة والسرية، وربما غيرها من الخسائر (الدخل المفقود، والخسائر في الأرواح وخسائر في الممتلكات العقارية). وتجدر الإشارة إلى أنه ليس من الممكن تحديد جميع المخاطر، ولا هو ممكن القضاء على جميع المخاطر. المخاطر المتبقية تسمى المخاطر المتبقية.,8.9
برمجيات خبيثةأيضا في بعض الأحيانالبرامج الضارة(بالإنجليزية:Malware) (وهي اختصار لكلمتين هما (بالإنجليزية:malicious software) وأحيانًاالبرمجيةالماكرةأو الخبيثة، هي برمجية تضمن أو تدرج عمدا في نظامالحاسوبلأغراض ضارة[3]، بدون رضا المالك. فقد تستخدم لعرقلة تشغيل الحاسوب، جمع معلومات حساسة، أو الوصول إلى أنظمة الكمبيوتر الخاصة.[4]وعندما يتم تثبيت البرمجية الخبيثة فقد يكون من الصعب جدًا إزالتها. وبحسب درجة خطورة البرمجية، من الممكن أن يتراوح أذاها من إزعاج بسيط (بعض النوافذ الإعلانية غير المرغوب فيها، خلال عمل المستخدم على الحاسوب، سواء كان متصلًا أم غير متصل بشبكة حواسيب) إلى أذىً غير قابل للإصلاح يتطلب إعادة تهيئة القرص الصلب على سبيل المثال.,5.2
من الأساليب الشائعة بشكل متزايد (2015) برامج الإعلانات المتسللة التي تستخدم الشهادات المسروقة لتعطيل الحماية من البرامج الضارة والفيروسات.[14],2.4
وبالأستناد إلى نتائج المشروع المشترك لمعهد المحاسبين القانونيين الأمريكي (AICPA) & معهد المحاسبين الكندي (CICA)، تم تحديد المبادئ الأساسية لأمن المعلومات (Webtrust) و وأمن نظم المعلومات (Systrust)، بالأتي: حماية نظام، وجاهزية نظام المعلومات على شبكة الويب، وتكامل معالجات نظام المعلومات، وضمان الخصوصية على شبكة الويب، وسرية نظام المعلومات.,2.1
وعلى العموم، فحصان طروادة هو أي برنامج يدعو المستخدم لتشغيله لكنه يخفي في الحقيقة أذىً أو نتائج سيئة. فهذه النتائج قد تكون أي شيء: قد تقوم بالعمل مباشرةً كأن تحذف جميع ملفات المستخدم، أو من الممكن (وذلك منتشر أكثر) أن تنصب برنامج مؤذية في نظام المستخدم لتخدم أهداف منشئ الحصان على المدى البعيد. وأحصنة طروادة المعروفة بـ droppers (تقوم بالإلقاء) تستخدم لبدء انتشار دودة بحقن هذه الدودة في شبكة المستخدم المحلية.,8.5
تعد CISA مدقق نظم المعلومات المعتمد أحد أبرز الشهادات في إدارة وتدقيق النظم المعلوماتية. كما تعتبر شهادة CISSP خبير أمن معلومات معتمد شهادة مهمة في أمن المعلومات. كما توجد شهادات متخصصة في أغلب الشركات الكبيرة لتخصص أمن المعلومات مثلميكرسوفتوسن وسيسكو وغيرها من الشركات.,2.3
الخطر هو احتمال أن شيئا ما سيئا سيحدث يسبب الأذى لأحد الأصول المعلوماتية (أو الخسارة في الأصول). الضعف هو الضعف الذي يمكن أن يستخدم لتعريضها للخطر أو التسبب في ضرر لأحد الأصول المعلوماتية. التهديد أي شيء فعل (من صنع الإنسان أو فعل من أفعال الطبيعة) لديه القدرة على التسبب في ضرر.,0.3
"قبل أن يصبح الوصول إلى شبكة الإنترنت واسع الانتشار، كانت الفيروسات تنتشر على الحواسب الشخصية عن طريق إصابة البرامج أو قطاعات الإقلاع التنفيذيةللأقراص المرنة. فبإضافة نفسها إلى تعليمات (شيفرة)لغة الآلةفي هذه الملفات التنفيذية، يتسبب الفيروس بتشغيل نفسه كلما شغل البرنامج أو أقلع من القرص.
كتبت أول فيروسات لحواسبأبل 2وماكنتوش، لكنها أضحت أوسع انتشارًا مع سيطرة أنظمة حاسوبآي بي إمفالفيروسات التي تصيب الملفات التنفيذية تعتمد على تبادل المستخدمين للبرامج أو أقراص الإقلاع، لذا انتشرت بشكل كثيف بين هواة الحاسوب.",4.1
وينبغي أن تتخلف النظم الفرعية لتأمين الإعدادات، وحيثما كان ذلك ممكنا ينبغي أن تهدف إلى «فشل آمن» بدلا من «فشل غير آمن» (انظر الفشل الآمن للتعادل في هندسة السلامة). من الناحية المثالية، فالنظام الآمن ينبغي أن يتطلب قرارا متعمدا، وواعيا، وعلى دراية وحرا من جانب السلطات الشرعية لجعلها غير آمنة.,7.7
عند تحري العبوات جميعها لإيجاد محتوى غير ملائم، يمكن للجدار الناري أن يمنع الديدان (worms) والأحصنة الطروادية (Trojan horses) من الانتشار عبر الشبكة. ولكن عبر التجربة تبين أن هذا الأمر يصبح معقدا جداً ومن الصعب تحقيقه (مع الأخذ بعين الاعتبار التنوع في التطبيقات وفي المضمون المرتبط بالعبوات) وهذا الجدار الناري الشامل لا يحاول الوصول إلى مثل هذه المقاربة.,1.9
"أكثر البرامج عدائية هو ما صمم لتخريب البيانات أو التسبب في ضياعها. والعديد من الفيروسات التي تعمل في بيئة نظامMS-DOSصممت لتدمير الملفات على القرص الصلب أو لتخريب نظام الملفات وذلك بكتابة بيانات لا معنى لها. ويمكن أن نعطي ديدان الشبكات مثل دودة Code Red أو Ramen نفس التصنيف، فهي مصممة لتخريب المعلومات أيضًا ولكن لصفحات الوب.
أما الحواسيب المصابة بفيروس zombie فقد استخدم لترسل أو تستضيف بريدًا يحوي موادًا ممنوعة كاستغلال القاصرين، أو لتنظيم هجمات حجب الخدمة الموزعة distributed denial-of-service attacks كطريقة للابتزاز.[9]",4.7
أمن الحاسوب أمر حاسم في ما يقرب أي صناعة تعتمد على التكنولوجيا التي تعمل على أنظمة الحاسوب.يمكن أيضا أن يشار إلى أمن الحاسوب بسلامة الحاسوب. قضايا النظم المعتمدة على الحاسوب ومعالجة أوجه الضعف التي لا تعد ولا تحصى هي جزء لا يتجزأ من الحفاظ على الصناعة التنفيذية.,3.7
والهجوم السليم لا يحتاج إلى أن يكون عالي جدا تكنولوجيا أو ممولا تمويلا جيدا ؛ فانقطاع التيار الكهربائي في المطار وحده يمكن أن يسبب مضاعفات في جميع أنحاء العالم. واحدة من أسهل السبل، ويمكن القول، الأكثر صعوبة في تتبع الثغرات الأمنية يمكن تحقيقها من خلال إرسال الرسائل غير المصرح بها عبر ترددات راديو محددة. هذا الإرسال قد يحاكي محاكاة ساخرة مراقبي الحركة الجوية، أو ببساطة يعطل الاتصالات كليا. هذه الحوادث شائعة جدا، بعد أن غيرت من دوران طيران الطائرات التجارية وسببت حالة من الذعر والارتباك في الماضي. السيطرة على الطائرات فوق المحيطات خطير للغاية لأن المراقبة بالرادار فقط تمتد من 175 حتى 225 ميلا بحريا من الشاطئ. فبالتالي خارج مجال الرادار فالتحكم يجب أن يعتمد على الاتصالات اللاسلكية الدورية مع طرف ثالث.,3.1
الجدار الناري العديم الحالة يحتوي على قدرات فلترة العبوات، ولكن لا يستطيع اتخاذ قرارات معقدة تعتمد على المرحلة التي وصل لها الاتصال بين المضيفين.,1.8
"على الرغم من أن مصطلح ""Firewall"" قد اكتسب معنى جديدا في الوقت الحالي، إلا أن تاريخ المصطلح يعود إلى أكثر من قرن، حيث أن العديد من البيوت قد تم بنائها من طوب في الحائط بشكل يوقف انتقال النيران المحتملة، هذالحائط الطوبي يسمي بالـ«حائط الناري».",8.5
الضوابط المادية رصد ومراقبة البيئة في مكان العمل ومرافق الحوسبة. كما رصد ومراقبة الدخول والخروج من هذه المرافق. على سبيل المثال الأبواب والأقفال، والتدفئة وتكييف الهواء والدخان وأجهزة إنذار الحريق ونظم إخماد الحريق، والكاميرات، ووضع المتاريس، والمبارزة، وحراس الأمن، وتأمين الكابلات، وما إلى ذلك فصل الشبكة، ومكان العمل في مجالات وظيفية هي أيضا الضوابط المادية.,5.0
الرقابة الإدارية (وتسمى أيضا الضوابط الإجرائية) تتألف من الموافقة الخطية والسياسات والإجراءات والمعايير والمبادئ التوجيهية. الرقابة الإدارية تشكل إطارا لإدارة الأعمال التجارية وإدارة الأفراد. إنها اطلاع الناس على كيفية عمل ما وهو كيفية تشغيل العمليات اليومية وكيف يجب أن تجرى. القوانين واللوائح التي أنشأتها الهيئات الحكومية هي أيضا نوع من الرقابة الإدارية لأنها أبلغ الأعمال. بعض قطاعات الصناعة والسياسات والإجراءات والمعايير والمبادئ التوجيهية التي يجب اتباعها—الدفع صناعة بطاقات) معيار أمن البيانات المطلوبة من قبل تأشيرة الدخول وماستر كارد هو مثال على ذلك. ومن الأمثلة الأخرى على ضوابط إدارية وتشمل الشركات السياسة الأمنية، سياسة كلمة السر، سياسات التوظيف، والسياسات التأديبية.,8.5
"يمكن أن تستخدم تقنيات المصادقة لضمان التحقق أن نقاط اتصالات هم من يقولون انهم هم.
إثبات النظرية الآلية وأدوات التحقق الأخرى يمكنها تمكين الخوارزميات الحرجة والرموز المستخدمة في النظم الآمنة أن تثبت رياضيا لتلبية المواصفات.
يمكن استخدام تقنيات القدرة وقوائم السيطرة على الدخول لضمان انفصال الامتياز وإلزامية مراقبة الدخول. والمقاطع التالية تناقش استخداماتها.
يمكن استخدام تقنيات سلاسل الثقة لمحاولة ضمان أن تكون جميع البرامج المحملة قد تم المصادقة على أصالتها من قبل المصممين.
يمكن استخدام تقنيات التشفير للدفاع عن البيانات العابرة بين النظم، والحد من احتمال أن تكون البيانات المتبادلة بين النظم يتم اعتراضها أو تعديلها.
جدران الحماية يمكنها أن توفر بعضالحماية من التطفل القادم من الإنترنت.
ويمكن استخدام التحكم الإلزامي في الوصول لضمان سحب الوصول المميز عندما يتم إبطال الامتيازات. على سبيل المثال، حذف حساب المستخدم يجب أيضا أن يوقف أي العمليات التي تجري مع امتيازات المستخدم.
يمكن استخدام معالجات التشفير الآمنة للاستفادة من التقنيات الأمنية المادية في حماية أمن نظام الحاسوب.
يمكن الاعتماد على القنوات الصغيرة في مواجهة الأخطاء : وعلى سبيل المثال EROS و Coyotos.
برمجيات أمن نقاط النهاية يساعد الشبكات في منع سرقة البيانات والعدوى بالفيروس من خلال أدوات التخزين النقالة، مثل أقراص اليو أس بي.",1.1
في الآونة الأخيرة فإن ممارسة ترميز سيئة آخرى قد خضعت للتمحيص؛ المؤشرات المعلقة. الاستغلال المعروف الأول لهذه المشكلة بالذات قدم في تموز / يوليو 2007. قبل نشر هذه المشكلة فإنها كانت معروفة لكنها اعتبرت أنها أكاديمية، ولا يمكن استغلالها عمليا.,4.3
رقابة هامة من المنطقي أن يتم التغاضي عن كثير من الأحيان هو مبدأالامتيازاتالأقل. مبدأ الامتيازات الأقل يتطلب أن الفرد أو برنامج أو عملية النظام لا يتم منح أي امتيازات وصول أكثر من ضرورية لأداء المهمة. وثمة مثال صارخ على عدم التقيد بمبدأ الأقل امتياز هو تسجيل الدخول إلىويندوزالمستخدم المسؤول لقراءةالبريد الإلكترونيوتصفح الإنترنت. انتهاكات من هذا المبدأ يمكن أن يحدث أيضا عند الفرد بجمع امتيازات الوصول إضافية بمرور الوقت. هذا يحدث عندما العمال تغيير واجبات العمل، أو أنهم ترقيته إلى منصب جديد، أو أنهم نقل إلى قسم آخر. امتيازات الوصول التي تتطلبها مهامهم الجديدة كثيرا ما أضيف على امتيازاتها وصول القائمة بالفعل والتي قد لا تكون ضرورية أو مناسبة.,5.6
الفيروس هو برنامج صغير مكتوب بأحد للغات الحاسب ويقوم بإحداث أضرار في الحاسب والمعلومات الموجودة على الحاسب بمعنى انه يتركز على ثلاث خواص وهي التخفي، التضاعف، وإلحاق الأذى.,6.4
ظهرت صيغة للفيروسات، تنصب عادةً باستغلال ثغرات أمنية في متصفح الإنترنت أو أنها تنصب بصفتها حصان طروادة عند تنصيب برنامج آخر.,1.9
وأخيرًا من الممكن لمنشئ البرمجية الاستفادة ماديًا ببساطة بالسرقة من الشخص صاحب الحاسوب المصاب. بمعنى أنه من الممكن سرقة كلمات السر أو أي شيء مالي آخر. بعض البرامج تقوم بتنصيب برنامج key logger ليقوم بنسخ ضربات المستخدم على لوحة مفاتيح الحاسب عند إدخاله كلمة سر أو رقم بطاقة ائتمانية أو أية معلومة مفيدة أخرى. ومن ثم إرسالها إلى منشئ البرنامج تلقائيًا مما يمكنه من سرقة البطاقة الائتمانية وأي شكل آخر من السرقة. وبالطريقة نفسها يمكن للبرمجية نسخ مفتاح القرص الليزري أو كلمة سر للعبة على الإنترنت فتسمح له بسرقة حسابات أو أمور أخرى افتراضية.,8.5
تقنيات أمن الحاسوب مبنية علىالمنطق. بما أن الأمن ليس بالضرورة الهدف الرئيسي لمعظم تطبيقات الحاسوب، فإن تصميم برنامج حاملا الأمن في البال كثيرا ما يفرض قيودا على سلوك هذا البرنامج.,5.3
برامج التجسس لا تنتشر مثلالفيروسات، بل بدلا من ذلك عادة ما تثبت من خلال استغلال الثغرات الأمنية. كما يمكن تعبئتها مع برامج التثبيت للمستخدم، مثل تطبيقاتالند للند.[8],4.7
السرية أمر ضروري (لكنها غير كافية) للحفاظ على خصوصية الناس الذين تحتوي الأنظمة معلوماتهم الشخصية.,1.5
في حين أن العديد من الحلول الأمنية القائمة على البرمجيات (software based) تقوم بتشفير البيانات لمنع البيانات من السرقة، فإن أي برنامج ضار أو القراصنة قد يعطبون البيانات في النظام لجعلها غير قابلة للاسترداد أو غير صالحة للاستعمال. وبالمثل، يمكن أن تفسد أنظمة التشغيل التي تكون مشفرة بواسطة برنامج ضار أو القراصنة، مما يجعل النظام غير قابل للاستخدام. الحلول الأمنية القائمة على الأجهزة (Hardware-based) يمكن أن تمنع الوصول إلى البيانات من خلال القراءة والكتابة، وبالتالي توفر حماية قوية جدا من التلاعب والوصول غير المصرح به.,9.4
"أول مبيع للمنتج من""DEC"" كان في13 أغسطس1991 إلى شركة كيميائية متمركزة على الساحل الشرقي منالولايات المتحدة.",4.9
أمن الحاسوب[1][2](بالإنجليزية:Computer security) هو فرع من فروعأمن المعلومات، ويختص بالحاسوبوالشبكات. هدفه حماية المعلومات والممتلكات من الدخول غير المصرح والسرقة والتخريب، والكوارث الطبيعية، ويضمن توافر المعلومات والممتلكات وبقائها منتجة وفي متناول مستخدميها المستهدفين.,6.8
"بالإضافة إلى ذلك، لا ينبغي للأمن أن يكون قضية إما كل شيء أو لا شيء. ينبغي على مصممي ومشغلي الأنظمة أن يفترضوا أن الخروقات أو الثغرات الأمنية لا مفر منها.
التدقيق الكامل للمسارات ينبغي أن يبقى من نشاط النظام، حتى إذا حدث خرق أمني، فآلية الخرق ومداه يمكن تحديدهما. تخزين مراجعة المسارات عن بعد، حيث لا يمكن إلا اللحاق بها، يمكنها أن تبقي المتسللين من تغطية مساراتها. أخيرا، فالكشف الكامل يساعد على ضمان أنه عندما يتم العثور على الخلل فإنه يتم الاحتفاظ ب «نافذة الضعف» لأقصر قدر ممكن.",5.6
تستخدم البرامج الخبيثة بصورة عامة ضد الحكومات والمواقع الإلكترونية للشركات لجمع المعلومات المحمية. أو لتعطيل عملهم بشكل عام. غير أن البرامج الخبيثة غالبا ما تستخدم ضد الأفراد لجمع المعلومات مثل أرقام الهوية الشخصية وتفاصيلها، وأرقام بطاقات الائتمان والبنوك، وكلمات السر.,4.5
هنالك العديد من فئات الجدران النارية بناءً على مكان عمل الاتصال، ومكانتشفيرالاتصال والحالة التي يتم تتبعها.,0.7
برامج التجسس هي برامج تنشأ تجاريًا بهدف جمع المعلومات عن مستخدمي الحاسوب، إظهار نوافذ إعلانية، وتعديل أداء متصفح الإنترنت ليفيد صانع البرمجية ماديًا. وبعض برامج التجسس الأخرى التي شوهدت تعدل على شيفرة داعمي الإعلانات بحيث يصبح الدخل العائد لهم موجهًا إلى منشئ البرنامج الماكر بدلًا من صاحب الموقع الحقيقي.,7.9
يقوم المهاجم بالوصول المباشر لأسلاك التوصيل والتجسس على المعلومات المارة. ولكنه هجوم صعب ويتطلب عتاد خاص.,9.1
أجهزة الحاسوب الأكثر أمانا هي تلك التي لا علاقة لها بشبكة الإنترنت، وبمنأى عن أي تدخل. في العالم الحقيقي، فمعظم الأمن يأتي من نظام التشغيل حيث الأمن لا يشكل إضافة نوعية، مثل OS/400 من آي بي إم.و هذا تقريبا لم يظهر في قوائم نقاط الضعف لسبب وجيه. قد تمر سنوات بين المشكلة الواحدة التي تحتاج إلى علاج والمشكلة التالية.,9.1
"الجدران النارية الحديثة يمكنها ان تفلترالقنوات معتمدة على كثير من الجوانب للعبوة، مثل عنوان المصدر، مرفأ المصدر، عنوان الوجهة أو مرفأها، نوع خدمة الوجهة مثل""WWW"" و""FTP""، ويمكن أن يفلتر اعتماداً على أنظمة وقيم""TTL""، صندوق الشبكة للمصدر، اسم النطاق للمصدر، والعديد من الجوانب الأخرى.",2.8
"تعمل الجدران النارية لطبقات التطبيقات على مستوى التطبيق لرصة""TCP\IP"" (مثل جميع أزمة المتصفح، أو جميع أزمة ""TELNET"" و""FTP""، ويمكن أن يعترض جميع العبوات المنتقلة من وإلى التطبيق). ويمكن أن يحجب العبوات الأخرى دون إعلام المرسل عادة. في المبدأ يمكن لجدران التطبيقات النارية منع أي اتصال خارجي غير مرغوب فيه من الوصول إلى الأجهزة المحمية.",3.5
الحائط الناريXML يمثل نوعاً أكثر حداثة من جدار طبقات التطبيقات الناري.,9.7
وفيه يقوم القرصان بانتحال شخصية موقع عام. كما يمكن للقرصان أن ينتحل شخصية مستخدم موثوق به للحصول على معلومات غير مصرّحة له.,3.8
"يجعل الخادم النيابي العبث بالأنظمة الداخلية من شبكة خارجية أصعب ويجعل إساءة استخدام الشبكة الداخلية لا يعني بالضرورة اختراق أمني متاح من خارج الجدار الناري (طالما بقي تطبيق الخادم النيابي سليماً ومعداً بشكل ملائم). بالمقابل فإن المتسللين قد يختطفون نظاماً متاحاً للعامة ويستخدمونه كخادم نيابي لغاياتهم الشخصية، عند اإن يتنكر الخادم النيابي بكونه ذلك النظام بالنسبة إلى الأجهزة الداخلية. ومع أن استخدام مساحات للمواقع الدخلية يعزز الأمن، إلا أن المشقين قد يستخدمون أساليب مثل ""IP Spoofing"" لمحاولة تمرير عبوات إلى الشبكة المستهدفة.",1.5
في الوقت الحاضر، تتمثل إحدى أكثر طرق المراوغة تعقيدًا وتخفيًا في استخدام تقنيات إخفاء المعلومات، وبالتحديد البرامج المخفية تسمى Stegomalware. نشرت دراسة استقصائية عن Stegomalware بواسطة Cabaj et al. في 2018.[15],2.0
عمل الأمن القائم على الأجهزة: الجهاز يسمح للمستخدم بتسجيل الدخول والخروج ووضع مستويات امتياز مختلفة عن طريق العمل اليدوي. يستخدم الجهاز تقنية المقاييس الحيوية لمنع المستخدمين المتطفلين من تسجيل الدخول وتسجيل الخروج، وتغيير مستويات الامتياز. الحالة الراهنة لمستخدم الجهاز تُقرَئ عن طريق كل من جهاز الحاسوب وأجهزة التحكم في الأجهزة الطرفية مثل الأقراص الصلبة. الوصول غير المشروع من قبل المتطفلين أو البرنامج الضار يقطع استنادا إلى الحالة الراهنة للمستخدم من قبل وحدات تحكم القرص الصلب وقرص الفيديو الرقمي مما يجعل الوصول غير المشروع إلى البيانات مستحيلا. مراقبة الدخول القائم على الأجهزة هو أكثر أمنا من تسجيل الدخول وتسجيل الخروج باستخدام نظم التشغيل لأن نظم التشغيل عرضة للهجمات الخبيثة. بما أن البرمجيات لا يمكنها التلاعب بمستويات الامتياز للمستخدم، فمن المستحيل على أي متسلل أو برنامج ضار الوصول إلى البيانات المُؤمّنة التي تحميها الأجهزة أو تنفيذ عمليات امتياز غير مصرح بها. الأجهزة تحمي صورة نظام التشغيل وملف النظام من الامتيازات من العبث. ولذلك، يمكن إنشاء نظام آمن تماما باستخدام مجموعة من الأمن القائم على الأجهزة وسياسات الأمن الخاصة بإدارة النظام.,4.8
مجموعة الصندوق الأوسط للاتصالات من قوة مهام هندسة النترنت (IETF) تعمل حالياً على تحديد الأنظمة الاعتيادية لتنظيم الجدران النارية والصناديق الأوسطية الأخرى.,1.0
وظيفة جدار الحماية الأساسية هي تنظيم بعض تدفق حزمة الشبكة بينشبكات الحاسوبالمكونة من مناطق ثقة المتعددة. ومن الأمثلة على هذا النوعالإنترنت- التي تعتبر منطقة غير موثوق بها- وأيضاشبكة داخليةذات ثقة أعلى، ومنطقة ذات مستوى ثقة متوسطة، متمركزة بين الإنترنت والشبكة الداخلية الموثوق بها، تدعى عادة بالمنطقة منزوعة).,1.5
"في العام 1992 لبوب برادين وانييت ديشون في جامعة جنوب كاليفورنيا كانوا يقومو بعمل تحسينات على مبدأ الجدار الناري. وكان اسم المنتج ""Visas"" الذي كان النظام الأول الذي له واجهة إدخال مرئية مع ألوان وأيقونات، الأمر الذي سهل عملية تطبيقه والوصول له على حاسوب مشغل بأنظمة تشيغيل مثل MICROSOFT WINDOWS، APPLE MACOS. وفي العام 1994 قامت شركةإسرائيليةاسمهاتشك بوينتببناء مثل هذا النظام داخل برنامج متوفر بشكل كبير اسمه""FireWall-1"".",0.2
عادةً ما تثبت برامج التجسس بشكل أو بآخر من أحصنة طروادة: تختلف بمنشئها، تقدم نفسها بشكل مفتوح على أنها تجارية (على سبيل المثال بيعها مساحة إعلانية على النوافذ التي تظهر من البرنامج). ومعظم هذه البرامج تقدم للمستخدم اتفاقية ترخيص للاستخدام مغزاها حماية منشئ البرنامج من الملاحقة القانونية.,3.8
وقد برزت فئة أخرى من البرمجيات الخبيثة هدفها الربح، تسمىبرامج التجسس. وقد صممت هذه البرامج لمراقبة تصفح المستخدمين للإنترنت، وعرض إعلانات غير مرغوب فيها، أو إعادة توجيه إيراداتبرنامج المشاركة التسويقيإلى منشئبرنامج تجسس، بهدف حصول داعم هذه الإعلانات (والذي هو منشئ البرنامج) على عائد إعلاني من جراء تكرار وصول المستخدمين الكبير إليها.,7.4
"عادة ما تحتوي الجدران النارية على وظيفة ترجمة عنوان الشبكة (NAT)، ويكون المضيفين محميين خلف جدار ناري يحتوي على مواقع ذو نطاق خاصة، كما عرّفت في""RFC 1918"". تكون الجدران النارية متضمنة على هذه الميزة لتحمي الموقع الفعلي للمضيف المحمي. وبالأصل تم تطوير خاصية ""NAT"" لتخاطب مشكلة كمية ""IPv4"" المحدودة والتي يمكن استخدامها وتعيينها للشركات أو الأفراد وبالإضافة إلى تخفيض العدد وبالتالي كلفة إيجاد مواقع عامة كافية لكل جهاز في المنظمة. وأصبح إخفاء مواقع الإجهزة المحمية أمراً متزايد الأهمية للدفاع ضد استطلاع الشبكات.",5.7
نظم عديدة أسفرت عن الاحتمال الأول من دون قصد. وبما أن المنهجية الثانية مكلفة وغير قطعية، فاستخدامها محدود جدا. والمنهجيات واحد وثلاثة تؤدي إلى الفشل. ولأن المنهجية رقم أربعة غالبا ما تقوم على آليات الأجهزة وتبتعد عن التجريدات وتعدد درجات الحرية، فإنها عملية أكثر. مزيج من الطريقتين رقم اثنين ورقم أاربعة غالبا ما تستخدم في البنية ذات الطبقات مع طبقات رقيقة من اثنين وطبقات سميكة من أربعة.,8.7
ربما قام المبرمجون الصغار بكتابة بعض البرمجيات الخبيثة، فقط، لإثبات قدراتهم البرمجية وما يمكن أن يقوموا به ولأي مدى. وكان الانتقام أيضًا دافعًا لكتابة برامج خبيثة. كأن يقوم مبرمج أو مدير على وشك أن يطرد من عمله بترك مداخل خلفية للنظام أو برامج «قنبلة موقوتة» تسمح له بتدمير نظام صاحب العمل السابق أو تخريب عمله السابق.,0.0
"هذه الصفحة غير موجودة حاليا. يمكنكالبحث عن عنوانهافي الصفحات الأخرى أوالبحث في السجلات(لتعرف إن كانت قد حُذِفَت)،
أوإنشاؤها.",4.9
باختصار، يمكن ل'الترميز الآمن' أن يوفر ثمنا كبيرا في بيئات التشغيل المنخفضة الأمن، وبالتالي يستحق كل هذا الجهد. لا تزال لا توجد طريقة معروفة لتوفير درجة موثوقة من مقاومة التخريب بأي درجة أو مزيج من 'الترميز الآمن'.,1.2
القدرات تقتصر في الغالب على نظم التشغيل المخصصة للبحوث أما نظم التشغيل التجارية لا تزال تستخدم ACLs. يمكن للقدرات، على الرغم من ذلك أن تنفذ على مستوى اللغة، مما يؤدى إلى أسلوب برمجة في جوهره صقل لتصميم معياري لتوجه-كائن. المشروع مفتوح المصدر في المنطقة هو لغة E.,5.9
لأن (TCP) و (UDP) في العادة تستخدم مرافئ معروفة إلى أنواع معينة من قنوات المرور، فإن فلتر عبوة «عديم الحالة» يمكن أن تميز وتتحكم بهذه الأنواع من القنوات (مثل تصفح المواقع، الطباعة البعيدة المدى، إرسال البريد الإلكتروني، إرسال الملفات)، إلا إذا كانت الأجهزة على جانبي فلتر العبوة يستخدمان نفس المرافئ الغير اعتيادية.,3.2
"ظهرت تقنية الجدار الناري في أواخر الثمانينات عندما كانت الإنترنت تقنية جديدة نوعاً ما من حيث الاستخدام العالمي. الفكرة الأساسية ظهرت استجابة لعدد من الاختراقات الأمنية الرئيسية لشبكة الإنترنت التي حدثت في أواخر الثمانينات. في العام 1988 قام موظف في مركز ابحاث ""Ames"" التابعلناسافيكاليفورنيابإرسال مذكرة عن طريقالبريد الإلكترونيإلى زملائه قائلاً فيها «نحن الآن تحت الهجوم من فيروس من الإنترنت، لقد أصيبت جامعات بيركلي، سان دييغو، لورنس ليفير مور، ستانفورد وناسا ايمز».",0.0
وظيفة: التحقق العميق للعبوة الحالية للجدران الحديثة يمكن مشاركتها مع أنظمة منع الاختراق (IPS).,10.0
1 طبقات الشبكة ومفلترات العبوات (Network Layer and Packet Filters),2.6
المسار العام الذي يستخدمه المجرمين إلى المستخدمين يتم عن طريق الإنترنت أي من البريد الإلكتروني والويب.,2.9
هناكاستراتيجياتوتقنياتمختلفة مستخدمة في تصميم أنظمة الأمن. ومع ذلك فهناك عدد قليل، إن وجد، من الاستراتيجيات الفعالة لتعزيز الأمن بعد التصميم. أحد الأساليب يفرض مبدأ الامتيازات الأقل إلى الحد الأعلى، حيث يمتلك الكيان الامتيازات المحتاجة لوظيفته فقط. وبهذه الطريقة حتى لو استطاع المهاجم الوصول إلى جزء من النظام، فالأمن الحبيبي-الجيد يضمن انه من الصعب عليهم الوصول إلى باقي الأجزاء.,8.8
"الفائدة الرئيسية من الجدار الناري لطبقات التطبيقات أنه يمكن أن «يفهم» بعض التطبيقات والأنظمة (مثل نظام نقل الملفات ""DNS"" تصفح المواقع)، ويمكنه أن يكتشف إذا ما كان هنالك نظام غير مرغوب فيه يتم تسريبه عبر مرافئ غير اعتيادية أو إذا كان هنالك نظام يتم إساءة استخدامه بطريقة مؤذية ومعروفة.",8.5
حتى تتمكن أحصنة طروادة من تنفيذ مهمتها يجب أن يكون بمقدورها أن تعمل بدون أن تغلق من المستخدم أو مدير النظام التي تعمل عليه. بادء الأمر، الاختفاء هو الطريقة التي تساعد حصان طروادة على بدء العمل في النظام. فعندما يظن المستخدم أن هذا البرنامج بريء أو مرغوب به، قد يتحفز المستخدم لتنصيب البرنامج دون أن يعلم ما الذي يقوم بعمله هذا البرنامج. وهذه هي التقنية التي يستخدمها حصان طروادة.,8.1
سبب ظهور هذه النوعية هي أن مصنعي مكونات الحاسوب يقومون بعمل تثبيت مسبق للأبواب الخلفية على نظمهم حتى يستطيعوا مد المشتريين بالدعم الفني، ولكن هذا لم يستخدم الاستخدام الصحيح.,8.0
يمكن تعريف البنية الأمنية بأنها التصميم الصناعي الذي يصف كيفية وضع الضوابط الأمنية (التدابير الأمنية المضادة)، وكيفية ارتباطها بالبنية الكلية لتكنولوجيا المعلومات. هذه الضوابط تخدم غرض الحفاظ على السمات النوعية للنظام، من بينها السرية والسلامة، والتوافر والمساءلة والضمان.,1.3
"من أهم المفاهيم، ومنذ أكثر من عشرين عاما، وأمن المعلومات قد حددت بالسريةسرية (مبدأ)والتكاملسلامة البياناتوالتوافرتواجدية(المعروفة باسم الثالوث (سي آي ايه)(CIA),(أعضاء InfoSec التقليديون الثالوث -السرية والتكامل والتوافر - ويشار إليها بالتبادل في الأدبيات على أنها، سمات أمان، خصائص وأهداف أمنية، جوانب أساسية، معايير معلومات، خصائص معلومات هامة، واللبنات الأساسية.) والمبادئ الأساسية لأمن المعلومات. العديد من المتخصصين في مجال أمن المعلومات يؤمنون إيمانا راسخا بأن المساءلة ينبغي أن تضاف كمبدأ أساسي لأمن المعلومات.[8][9]",0.4
هناك أمران في هذا التعريف قد يحتاجان إلى بعض التوضيح. أولا، عملية إدارة المخاطر هي تكرار العمليات الجارية ويجب أن يتكرر إلى ما لا نهاية لان بيئة العمل المتغيرة باستمرار، والتهديدات الجديدة والضعف تظهر كل يوم. والثانية اختيار التدابير المضادة (الرقابة) المستخدمة لإدارة المخاطر يجب أن توازن بين الإنتاجية، والتكلفة، وفعالية التدابير المضادة، وقيمة الموجودات وحماية البيانات.,8.5
دودة موريسنشرت نفسها عبر العديد من نقاط الضعف في الأجهزة في ذلك الوقت. على الرغم أنها لم تكن مؤذية في النية لكنها كانت أول هجوم من الحجم الكبير علىأمن الإنترنت: المجتمع الموصول على الشبكة لم يكن يتوقع هجوما أو جاهزاً للتعامل معها.,4.9
توجد عدة طرق للأمن في مجالالحوسبة، وأحيانا يسمح بمزيج من المقاربات:,1.3
لسوء الحظ، فإن تنظيفنظام التشغيلمصاب ببرمجية خبيثة لم يعد بسيطًا كما كان في بادء الأمر. فقد أصبحت هذه البرمجيات صعبة المسح أكثر من ذي قبل، فلا يوجد مضاد فيروسات أو مضاد برامج تجسس وحيد قادر على إزالة كل ما نزل على نظام ما من برامج مؤذية. في الحقيقة لم يعد من المستغرب وجود ترسانة من المنتجات الأمنية، ومضادات الفيروسات وبرامج التجسس وغيرها للتأكد من أن كل برنامج مؤذٍ قد أزيل بشكل جيد، والأفضل هو تنصيب نسخة جديدة من نظام التشغيل مع فحص شامل للجهاز المصاب.,2.0
"الجدار الناري ذو طبقات الشبكة عادة ينقسم إلى قسمين فرعيين اثنين، ذو الحالة وعديم الحالة. تتحفظ الجدران النارية ذات الحالة بنطاق يتعلق بالجلسات المفتوحة حالياً، ويستخدم معلومات الحالة لتسريع معالجة العبوة. أي اتصال شبكي يمكن تحديده بعدة امور، تشتمل على عنوان المصدر والوجهة، مرافئ UDP"" "" و""TCP""، والمرحلة الحالية من عمر الاتصال (يشمل ابتداء الجلسة، المصافحة، نفل البيانات، وإنهاء الاتصال). إذا كانت العبوة لا تطابق الاتصال الحالي، فسوف يتم تقدير ماهيتها طبقاً لمجموعة الأوامر للاتصال الجديد، وإذا كانت العبوة تطابق الاتصال الحالي بناءً على مقارنة عن طريق جدول الحالات للحائط الناري، فسوف يسمح لها بالمرور دون معالحة أخرى.",5.3
الأبواب الخلفية (بالإنجليزية:Backdoors) هي طريقة أو أسلوب لتمرير اجراءات تبدو شرعية، ويكون ذلك في العادة عبر اتصال على شبكة الإنترنت. ما أن يتم اتصال هذا النظام، حتى يتم عمل تثبيت لواحد أو أكثر من الابواب الخلفية للسماح بوجود منفذ للتمرير الخفي في المستقبل للمستخدم المستهدف.,8.9
أمن المعلوماتعلم مختصبتأمين المعلوماتالمتداولة عبر شبكةالانترنتمن المخاطر التي تهددها.[5][6][7]فمع تطور التكنولوجيا ووسائل تخزين المعلومات وتبادلها بطرق مختلفة أو ما يسمىنقل البياناتعبر الشبكة من موقع لآخر أصبح أمر أمن تلك البيانات والمعلومات يشكل هاجسًا وموضوعًا حيويًا مهمًا للغاية. يمكن تعريفأمنالمعلوماتبأنه العلم الذي يعمل على توفير الحماية للمعلومات من المخاطر التي تهددها أو الحاجز الذي يمنع الاعتداء عليها وذلك من خلال توفير الأدوات والوسائل اللازم توفيرها لحماية المعلومات من المخاطر الداخلية أو الخارجية. المعايير والإجراءات المتخذة لمنع وصول المعلومات إلى أيدي أشخاص غير مخوّلين عبر الاتصالات ولضمان أصالة وصحة هذه الاتصالات.,2.8
هناك نوع آخر من أساليب التهرب وهو البرامج الضارة الخالية من الملفات أو التهديدات المتطايرة المتقدمة (AVTs). لا تتطلب البرامج الضارة الخالية من الملفات ملفًا للعمل. فهو يعمل داخل الذاكرة ويستخدم أدوات النظام الموجودة لتنفيذ أعمال ضارة. نظرًا لعدم وجود ملفات على النظام، لا توجد ملفات قابلة للتنفيذ لتحليل أدوات مكافحة الفيروسات، مما يجعل من المستحيل تقريبًا اكتشاف مثل هذه البرامج الضارة. الطريقة الوحيدة لاكتشاف البرامج الضارة التي لا تحتوي على ملفات هي تشغيلها في الوقت الفعلي. أصبحت هذه الأنواع من الهجمات مؤخرًا أكثر تواترًا مع زيادة بنسبة 432٪ في عام 2017 وتشكل 35٪ من الهجمات في عام 2018. مثل هذه الهجمات ليس من السهل تنفيذها ولكنها أصبحت أكثر انتشارًا بمساعدة مجموعات استغلال الثغرات.[16][17],5.4
أمن الحاسوب القائم أو المساعد من قبل الأجهزة (hardware) يوفر بديلا لأمن الحاسوب للبرامج الإلكترونية فقط (software-only). الأجهزة مثل دونجل يمكن أن تعتبر أكثر أمانا لأن الوصول المادي مطلوب من أجل أن يتعرض للخطر.,6.9
"في مجال أمن المعلومات، التكامل (السلامة) يعني الحفاظ على البيانات من التغيير أوالتعديل من الأشخاص غير المخولين بالوصول اليها. عندما يقوم شخص، بقصد أو بغير قصد، بحذف أو انتهاك سلامة ملفات البيانات الهامة أو الإضرار بها، وهو غير مخول بذلك، يعد هذا انتهاكا لسلامة البيانات. وعندما يصيب فيروس حاسوبا، ويقوم بتعديل بياناته أو يتلفها يعد هذا انتهاكا لسلامة البيانات، وكذلك عندما يكون الموظف (غير المخول) قادرا على تعديل راتبه في قاعدة البيانات والمرتبات، وعندما يقوم مستخدم (غير مصرح له) بتخريب موقع على شبكة الإنترنت، كل ذلك يعد انتهاكا لسلامة البيانات.
و تعني سلامة البيانات كذلك، أن تكون التغيرات في البيانات مطردة، فعندما يقوم عميل البنك بسحب أو إيداع، ينبغي أن ينعكس ذلك على رصيده في البنك.إن الإخلال بسلامة البيانات ليس بالضرورة نتيجة عمل تخريبي، فمثلاً, الانقطاع في النظام قد ينشئ عنه تغيرات غير مقصودة أو لا تحفظ تغيرات قد تمت فعلاً.[10]",7.4
كثير من البرامج الخبيثة التي ظهرت في وقت مبكر بما في ذلك أولدودة إنترنتكانت مكتوبة بصفتها برامج تجريبية أو مزحة. أما اليوم فيستخدمها المخترقون المشهورون بذوي القبعات السوداء، وأيضا تستخدمها الحكومات لسرقة المعلومات التجارية والشخصية والمالية.,3.3
هذا النظام من مرشحات العبوات لا يعير اهتماما إلى كون العبوة جزءاً من تيار المعلومات (لا يخزن معلومات عن حالة الاتصال). وبالمقابل فإنه يرشح هذه العبوات بناءً على المعلومات المختزنة في العبوة نفسها (في الغالب يستخدم توليفة من مصدر العبوة المكان الذاهبة إليه، النظام المتبع، ورقم المرفأ المخصص ل (TCP) (UDP) الذي يشمل معظم تواصل الإنترنت).,8.8
البرق، وتذبذب التيار الكهربائي، والأعاصير، والبني التدريجي، والصمامات المنفجرة، وغيرها من مختلف انقطاعات التيار الكهربائي التي تعطل على الفور جميع أنظمة الحاسوب، نظرا لأنها تعتمد على مصدر كهربائي. أخطاء عرضية وعمدية أخرى تسببت في اضطراب كبير لنظم السلامة الحيوية طوال العقود القليلة الماضية، والاعتماد على اتصالات موثوقة وتوليد الطاقة الكهربائية يعرض سلامة الحاسوب للخطر فقط.,1.8
إحدى أكثر الطرق شيوعًا والتي تنتشر بها برمجيات التجسس هي أحصنة طروادة موجودة مع برنامج ما آخر مرغوب من قبل المستخدمين ينزل عن طريق الوب أو شبكة تبادل الملفاتند لند. وعندما يقوم المستخدم بتنصيب البرنامج يُنصب برنامج التجسس معه. وبعض كاتبي برمجيات التجسس الذين يحاولون التصرف بشكل قانوني قد يضمنون ضمن اتفاقية الترخيص للمستخدم ما يصف أداء برامج التجسس بعبارات ضمنية، مع معرفتهم بأن المستخدم غالبًا لن يقوم بقراءتها أو فهمها.,0.9
بعض اللغات الشائعة مثل C و C ++ عرضة لجميع هذه العيوب (انظر سيكورد «الترقيم المؤمن في C و C++») لغات أخرى، مثل جافا، أكثر مقاومة لبعض هذه العيوب، ولكنها لا تزال عرضة لأوامر رمز / حقن وغيرها من عيوب البرمجيات التي تسهل التخريب.,3.4
"الجدار الناري ذو طبقات الشبكة الذي يسمى أيضا مفلترات العبوة، تعمل على رصة أنظمة TCP\IP منخفضة المستوى، ولا تسمح للعبوات بالمرور عبر الجدار الناري دون أن تطابق مجموعة القوانين المحددة. يمكن للمسؤول عن الجدار الناري أن يحدد الأوامر، وإن لم يتم هذا تطبق الأوامر الطبيعية. المصطلح فلتر العبوة نشأ في نطاقأنظمة تشغيل""BSD"".",6.6
والهيكل الأمني هو الخطة التي يظهر فيها أين يجب أن توضع التدابير الأمنية. إذا كانت الخطة تصف حل محدد، فإنه قبل بناء مثل هذه الخطة، من شأن المصمم أن يقوم بتحليل المخاطر. إذا كانت الخطة وصفا لتصميم عام وعلى مستوى عال (الهيكل المرجعي) فينبغي أن تستند الخطة إلى تحليل التهديد.,5.4
وينبغي للتصميم استخدام «الدفاع في العمق»، حيث يوجد أكثر من نظام فرعي واحد يحتاج إلى أن ينتهك لتسوية سلامة النظام والمعلومات التي يحتفظ بها. الدفاع في العمق يعمل عندما لا يوفر خرق واحد من الاجراءات الأمنية منبرا لتسهيل تخريب أجراء آخر. أيضا، فإن مبدأ المتتالية يقر بأن العديد من العقبات المنخفضة لا يخلق عقبة عالية. ولذلك فتتالي عدة آليات ضعيفة لا يوفر سلامة آلية واحدة أقوى.,3.9
"في عام 1994، حدثت أكثر من مائة عملية اقتحام من قبل قراصنة مجهولين في مختبر روما، ومركز الأمر الرئيسي في سلاح الجو الأميركي وفي مركز الأبحاث. باستخدامفيروساتحصان طروادة، تمكن المتسللون من الحصول على وصول غير مقيد إلى أنظمة شبكات روما وإزالة آثار أنشطتهم. كان المتسللون قادرين على الحصول على ملفات سرية، مثل بيانات نظم تسلسل المهام الجوية وعلاوة على ذلك، قادرين على اختراق الشبكات المتصلة للملاحة الجوية الوطنية وإدارة مركز غودارد للطيران الفضائي، وقاعدة رايت باترسون للقوات الجوية، وبعض مقاولي وزارة الدفاع، وغيرها من القطاعات الخاصة من خلال التنكر كمستخدم موثوق في مركز روما.
الآن، تستخدم تقنية تسمى اختبار الاختراق الأخلاقي لإصلاح هذه القضايا.",1.0
في مجالات علوم الحاسوب،جدار الحماية(بالإنجليزية:Firewall) (يشار إليه في بعض الأحيان بعبارة «الجدار الناري»)، هو جهاز و/أو برنامج يفصل بين المناطق الموثوق بها في شبكات الحاسوب، ويكون أداة مخصصة أو برنامج على جهاز حاسوب آخر، الذي بدوره يقوم بمراقبة العمليات التي تمر بالشبكة ويرفض أو يسمح فقط بمرور برنامج طبقاً لقواعد معينة.[1][2][3],6.5
عندما تختار الإدارة للتخفيف من المخاطر، فإنها تفعل ذلك من خلال تنفيذ واحد أو أكثر من ثلاثة أنواع مختلفة من الضوابط.,3.0
من دون الإعداد الملائم فإنه غالباً ما يصبح الجدار الناري عديم الفائدة. فممارسات الأمان المعيارية تحكم بما يسمى بمجموعة قوانين «المنع أولاً» جدار الحماية، الذي من خلاله يسمح بمرور وصلات الشبكة المسموح بها بشكل تخصيصي فحسب. ولسوء الحظ، فإن إعداد مثل هذا يستلزم فهم مفصل لتطبيقات الشبكة ونقاط النهاية اللازمة للعمل اليومي للمنظمات. العديد من أماكن العمل ينقصهم مثل هذا الفهم وبالتالي يطبقون مجموعة قوانين «السماح أولاً»، الذي من خلاله يسمح بكل البيانات بالمرور إلى الشبكة ان لم تكن محددة بالمنع مسبقاً.,4.9
تعمل فلترة العبوات بالتحقق من «العبوات»(packets) التي تمثل الوحدة الأساسية المخصصة لنقل البيانات بين الحواسيب على الإنترنت. إذا كانت العبوة تطابق مجموعة شروطات مرشح العبوة، فإن النظام سيسمح بمرور العبوة أو يرفضها (يتخلص منها ويقوم بإرسال إشارة «خطأ» للمصدر).,0.2
هناك عدة شهادات في مجال الأمن السيبراني أو (الأمن المعلوماتي) مثل شهادة شركةكومبتياSecurity+.,3.8
وعلاوة على ذلك، فعن طريق تجزيء النظام إلى مكونات أصغر، فإن مدى تعقيد المكونات الفردية يتم تخفيضها، وبالتالي فتح إمكانية استخدام تقنيات مثل النظرية الآلية التي تبرهن على إثبات صحة برمجيات النظم الفرعية الحاسمة. هذا يتيح حلاً ذو هيئة مغلقة للأمن الذي يعمل بشكل جيد عندما تعزل ممتلكات واحدة فقط ذات سمات جيدة على أنها في غاية الأهمية، وأن الملكية هي أيضا خاضعة للتقييم من الرياضيات. ليس من المستغرب، أن ذلك غير عملي للصحة العامة، والتي ربما لا تستطيع حتى أن تعرّف، والأقل بكثير أن تثبت. عندما لا تكون براهين الصحة الرسمية ممكنة، فالاستخدام الصارم للقانون، وفحص كل وحدة يمثل نهج ذو سعي-أفضل لجعل الوحدات آمنة.,7.7
عرفت هذه البرامج (الديدان والفيروسات) بهذه التسمية لا بسبب العمل المحدد الذي تقوم به، بل للطريقة التي تنتشر بها. ففي الأصل أطلق مصطلح «فيروس حاسوبي» على البرامج التي تنتقل بنسخ نفسها ضمن شيفرة برامج تنفيذية أخرى بينما «الدودة» تقوم بنشر نفسها على الشبكة لتصيب الحواسب الأخرى. أما حاليًا فيستخدم المصطلحين واحدًا بدل الآخر في العديد من الأحيان.,7.3
خرق السرية يتخذ أشكالا عديدة. تجسس شخص ما على شاشة الحاسوب لسرقة كلمات سر الدخول، أو رؤية بيانات سرية بدون علم مالكها، يمكن أن يكون خرقا للسرية. إذا كان الحاسوب المحمول يحتوي على معلومات حساسة عن موظفي الشركة، فإن سرقته أو بيعه يمكن أن يسفر عن انتهاك لمبدأ السرية. إعطاء معلومات سرية عبر اتصال هاتفي هو انتهاك لمبدأ السرية إذا كان طالب الاتصال غير مخول بأن يحصل على المعلومات.,0.6
يهدف أي نظام للمعلومات لخدمة غرضه، أن تكون المعلومات متوفرة عند الحاجة إليها. وهذا يعني أن تعمل عناصر النظام الآتية بشكل صحيح ومستمر:,2.2
التداخل الكهرومغناطيسي هو تهديد آخر لسلامة الحاسوب وفي عام 1989، أسقطت طائرة تابعة للولايات المتحدة للقوات الجوية طراز اف 16 سهوا قنبلة تبلغ 230 كيلوغراما في غرب جورجيا بعد تدخل غير محدد تسبب في إطلاق أجهزة الحاسوب في الطائرة لها.,9.8
الآثار المترتبة على سوء الاستخدام الناجح المتعمد أو غير المتعمد لنظام الحاسوب في صناعة الطيران يمتد من فقدان السرية لفقدان سلامة النظام، مما قد يؤدي إلى مزيد من المخاوف الخطيرة مثل سرقة أو ضياع البيانات، وانقطاع مراقبة الشبكة والحركة الجوية، والذي بدوره يمكن أن يؤدي إلى إغلاق المطار، وفقدان الطائرة والخسائر في أرواح الركاب. ونظم التحكم في الذخائر العسكرية يمكن أن تشكل مخاطر أكبر.,6.4
وهناك حادثة اتصالات سلكية ولاسلكية مماثلة كما حدث في عام 1994، عندما دمرت اثنتان من طائرات يو اتش 60 بلاك هوك من قبل طائرات اف 15 فيالعراقلأن نظام الآي ف ف لنظام التشفير أصيب بعطب.,6.4
الضوابط المنطقية (وتسمى أيضا الضوابط التقنية) استخدام البرمجيات والبيانات لرصد ومراقبة الوصول إلىنظم المعلوماتوالحوسبة. على سبيل المثال :كلمات السر،والجدران النارية،وكشف التسلل، قوائمالتحكم بالولوج،وتشفير البياناتوالضوابط المنطقية.,8.4
"إذن الوصول يقيّد الوصول إلى جهاز حاسوب لمجموعة من المستخدمين من خلال استخدام نظم التوثيق. هذه النظم يمكنها أن تحمي إما الحاسوب بأكمله—مثل شاشة تفاعلية لتسجيل الدخول—أو الخدمات الفردية، مثلخادم بروتوكول نقل الملفات. هناك أساليب كثيرة لتحديد وتوثيق المستخدمين، مثل كلمة السر وبطاقة الهوية، ومؤخرا، البطاقة الذكية ونظم التحقق من الهوية.
البرمجيات المضادة للفيروسات تتكون من برامج الحاسوب التي تحاول تحديد وإحباط، والقضاء على فيروسات الحاسوب وغيرها من البرامج الضارة.
ينبغي عدم تشغيل التطبيقات ذات العيوب الأمنية المعروفة. إما اتركها مطفأة حتى يمكن أن تصحح أو ترقع، أو احذفها واستبدلها ببعض التطبيقات الأخرى. العيوب المعروفة علنا هي الدخول الرئيسي الذي تستخدمها الديدانلاقتحام النظام تلقائيا، والانتشار بعد ذلك إلى النظم الأخرى المرتبطة بها. موقع الأمن Secunia يوفر أداة للبحث عن عيوب غير مثبتة في المنتجات الشعبية.",9.6
وطريقة أخرى للسرقة من الحاسب المصاب هي التحكم بالمودم والقيام باتصالات مرتفعة الثمن، ومن ثم ترك الخط مفتوحًا مما يكلف المستخدم فواتير هاتف بمبالغ مالية كبيرة.,2.0
في هذا النوع يقوم القرصان بالسيطرة الكاملة على جهاز الضحية والتحكم في جميع ملفاته كما لو كانت في جهازه هو ويمكن للقرصان مراقبة الضحية بصورة كاملة. يتم الهجوم بعد أن يضع القرصان ملف صغير على جهاز الضحية (عن طريق البريد الإلكتروني أو أي وسيلة أخرى) أو عن طريق استغلال نقاط الضعف في أنظمة التشغيل.,1.5
(بالإنجليزية:Evasion) تستخدم كثير من البرامج الضارة منذ بداية عام 2015 مجموعة من التقنيات العديدة المصممة لتجنب الاكتشاف والتحليل.[10]من الأكثر شيوعًا إلى الأقل شيوعًا:,8.0
ومع ظهور أنظمة تشغيل مايكروسوفت ويندوز في التسعينيات، ومع نظام الماكرو المرن في تطبيقاتها، أصبح من الممكن كتابة نص برمجي معدي بلغة الماكرو الخاصة بمايكروسوفت وورد والبرامج الأخرى المشابهة له.وفيروسات الماكروهذه تصيب المستندات والقوالب بدلًا من أن تصيب التطبيقات، وتعتمد على كون الماكرو في ملفات وورد هو صيغة من الكود القابل للتنفيذ.,6.8
أبسط أنواع الحماية هي استخدام نظام التعريف بشخص المستخدم، وثوقية الاستخدام، ومشروعيته. هذه الوسائل تهدف إلى ضمان استخدام النظام أو الشبكة من قبل الشخص المخول بالاستخدام. وتضم هذه الطائفة:,7.8
واحد من استخدامات مصطلح أمن الحاسوب يشير إلى التكنولوجيا المستخدمة لتنفيذ نظام تشغيل آمن. الكثير من هذه التكنولوجيا مبني على أساس العلوم التي تقدمت منذ 1980، وتستخدم لإنتاج ما يمكن أن يكون بعضا من أكثر أنظمة التشغيل التي لا يمكن اختراقها قبل أي وقت مضى. وإن كانت لا تزال سارية المفعول، فالتكنولوجيا ذات استخدام محدود اليوم، في المقام الأول لأنه يفرض بعض التغييرات على إدارة النظام وأيضا لأنها ليست مفهومة بشكل واسع. فمثل هذه الأنظمة التشغيلية القوية جدا والآمنة تستند إلى قناة نظام التشغيل التكنولوجية التي يمكنها أن تضمن أن بعض السياسات الأمنية تفرض بشكل مطلق في بيئة التشغيل. مثال على هذه السياسة الحاسوبية الأمنية هوالتحكم بوصول إلزامي. الاستراتيجية تقوم على اقتران السمات الخاصة للمعالجات الدقيقة للأجهزة، وغالبا ما تنطوي على وحدة إدارة الذاكرة، مع قناة نظام التشغيل خاصة ومنفّذَة بشكل صحيح. وهذا يشكل الأساس لنظام تشغيل آمن والذي، إذا صُممت بعض أجزائه الحرجة ونُفذت بشكل صحيح، فإنه يمكن أن تضمن استحالة مطلقة ضد الاختراق من قبل عناصر معادية. هذه القدرة تُخوّل لأن التكوين لا يفرض السياسة الأمنية فحسب، ولكن من الناحية النظرية تحمي نفسها من الفساد تماما. أنظمة التشغيل العادية، من ناحية أخرى، تفتقر إلى السمات التي تؤكد على هذا المستوى الأقصى للأمن. منهجية التصميم لإنتاج مثل هذه الأنظمة الآمنة دقيقة وحتمية ومنطقية.,2.6
"النسخ الاحتياطية تعتبر هي وسيلة لتأمين المعلومات، بل هي نسخة أخرى من كل الملفات المهمة على الحاسوب تبقى في مكان آخر. هذه الملفات تحفظ على الأقراص الصلبة، والأقراص القابلة للقراءة فقط، والأقراص القابلة للقراءة والكتابة، والأشرطة. مواقع مقترحة لتخزين النسخ الاحتياطية هي الخزنات المضادة للحريق، والماء، والحرارة، أو في ملف منفصل، بعيدا عن الموقع، من ذلك الذي يحتوي الملفات الاصلية. بعض الأفراد والشركات أيضا يبقون النسخ الاحتياطية في صناديق ودائع آمنة داخل قبو المصرف. وهناك أيضا خيار رابع، والذي ينطوي على استخدام واحد من الملفات المجانية التي تدعم الملفات عبر الإنترنت لقطاع الأعمال والأفراد على حد سواء.
النسخ الاحتياطية مهمة أيضا لأسباب أخرى غير الأمن. فالكوارث الطبيعية، مثل الزلازل والأعاصير، أو الزوابع، قد تضرب المبنى حيث يوجد الحاسوب. ويمكن أن يحترق البناء، أو قد يحدث انفجار. فيجب أن يكون هناك نسخة احتياطية حديثة في مكان آمن بديل، في حالة حدث من هذا النوع من الكوارث. كذلك، فمن المستحسن أن يوضع في موقع بديل بحيث لن تؤثر نفس الكارثة على كلا الموقعين. أمثلة على مواقع بديلة للتعافي من الكوارث والتي تعرضت للخطر من جراء الكارثة نفسها التي أثرت على الموقع الأساسي تشمل ان كان الموقع الأساسي في مركز التجارة العالمي الأول واسترداد الموقع في 7 مركز التجارة العالمي، وكلاهما قد دمر في هجوم 9 / 11، ووضع كلا الموقع الرئيسي وموقع الإنعاش في المنطقة الساحلية نفسها، الأمر الذي يؤدي إلى تعرضهما للضعف من الاضرار التي تلحقها الاعاصير (على سبيل المثال الموقع الأساسي في نيو أورليانز واسترداد الموقع في جيفرسون باريش، وكلاهما تم ضربها من اعصار كاترينا في عام 2005). وسائط النسخ الاحتياطي ينبغي أن تنقل بين المواقع الجغرافية بطريقة آمنة، وذلك لمنعهم من السرقة.
يستخدم التشفير لحماية الرسالة من عيون الآخرين. ويمكن القيام به في عدة طرق عن طريق تحويل الحروف حول بعضها، واستبدال الحروف مع بعضها، وحتى إلغاء بعض الحروف من الرسالة. هذه يجب أن تستخدم في تركيبة لجعل التشفير آمن بما فيه الكفاية، وهذا يعني، من الصعب بما فيه الكفاية للتصدع والتكسر. تشفير المفتاح العام هو سبيل مصقول وعملي للقيام بالتشفير. أنها تسمح لأي شخص مثلا بكتابة رسالة للحصول على قائمة المستفيدين، وفقط أولئك المستفيدون سوف يكونون قادرين على قراءة تلك الرسالة.
الجدران النارية هي النظم التي تساعد على حماية أجهزة الحاسوب وشبكات الحاسوب من الهجوم والاقتحام المتتابع عن طريق تقييد حركة مرور الشبكة التي يمكن أن تمر من خلالها، استنادا إلى مجموعة قواعد محددة من المسؤول عن النظام.
أواني العسل عبارة عن أجهزة حاسوب تركت عرضة للهجوم إما عن قصد أو عن غير قصد من قبل المتسللين. ويمكن أن تستخدم لصيد المتسللين أو تحديد نقاط الضعف.
نظم كشف التسلل يمكنها تفحص الشبكة للناس الموجودين على الشبكة ولكن الذين لا ينبغي لهم أن يكونوا هناك أو يفعلون أشياء لا ينبغي لهم أن يفعلوها، على سبيل المثال محاولة الكثير من كلمات السر للوصول إلى الشبكة.
ويتم استخدام تطبيق أزيز الأزة من قبل المخترقين المحتملين لإيجاد ما إذا كان عنوان بروتوكول الإنترنت قابلا للوصول. إذا وجد المخترق حاسوبا فإنه يحاول الفحص للكشف عن منفذ لإيجاد والهجوم على الخدمات على هذا الحاسوب.
الوعي الهندسي الاجتماعي يبقي الموظفين على بينة من مخاطر الهندسة الاجتماعية و/ أو الأماكن التي لديها سياسة لمنع الهندسة الاجتماعية يمكن أن تقلل من الانتهاكات الناجحة للشبكة والخوادم.
مراصد ملف النزاهة هي الأدوات المستخدمة للكشف عن التغيرات في نزاهة النظم والملفات.",1.2
هنا يقوم جدار الحماية بمراقبة حقول معينة في المظروف الإلكتروني، ويقارنها بالحقول المناظرة لها في المظاريف الأخرى التي في السياق نفسه، ونعني بالسياق هنا مجموعة المظاريف الإلكترونية المتبادلة عبر شبكة الإنترنت بين جهازين لتنفيذ عملية ما. وتجري غربلة المظاريف التي تنتمي لسياق معين إذا لم تلتزم بقواعده: لأن هذا دليل على أنها زرعت في السياق وليست جزءا منه، مما يثير الشكوك بأنها برامج مسيئة أو مظاريف أرسلها متطفل.,8.4
ضمن أنظمة الحاسوب، فهناك نموذجي أمن قادرين على فرض انفصال للامتياز وهما قوائم التحكم بالوصول (ACLs) والقدرات. دلالات ACLs أُثبت انعدام أمنها في كثير من الحالات (على سبيل المثال، مشكلة خلط التفويض). وقد تبين أيضا أن ما وعد ال ACL's به بإعطاء الوصول إلى الكائن لشخص واحد فقط لا يمكن ضمانه أبدا في الممارسة العملية. كل من هذه المشاكل يتم حلها من خلال القدرات. هذا لا يعني وجود عيوب عملية بجميع النظم القائمة على ACL، ولكن فقط ان المصممين لمرافق معينة يجب أن يتحملوا المسؤولية لضمان أن لا يعرضوا عيوبا.,6.6
في لغة الولايات المتحدة الأمريكية، فإن مصطلح التأمين العالي عادة ما يشير إلى أن النظام لديه مهام الأمن الصحيحة والتي يتم تنفيذها بقوة كافية لحماية المعلومات السرية لوزارة الدفاع ووزارة الطاقة. الضمان المتوسط يشير إلى أنه يمكنه حماية المعلومات الأقل قيمة، مثل معلومات ضريبة الدخل. أنظمة التشغيل الآمنة المصممة لتلبية مستويات متوسطة الشدة من وظائف الأمن والضمان شهدت استخدامها على نطاق أوسع داخل كل من الحكومة والأسواق التجارية. النظم متوسطة الشدة قد توفر نفس الوظائف الأمنية التي توفرها أنظمة التشغيل الآمنة عالية الضمان ولكنها تفعل ذلك بمستوى ضمان أدنى (مثل مستويات المعايير المشتركة EAL4 أو EAL5). مستويات أدنى تعني أننا نكون أقل تأكدا أن تنفيذ المهام الأمنية لا تشوبه شائبة، وبالتالي يقل الاعتماد عليها. هذه الأنظمة موجودة في استخدامها على خوادمالشبكة العنكبوتية، والحراس، وخوادم قاعدة البيانات، ومضيفي الإدارة ولا تستخدم فقط لحماية البيانات المخزنة على هذه الأنظمة ولكن أيضا لتوفير مستوى عال من الحماية لشبكة الاتصالات وخدمات التوجيه.,3.4
هو اعتراض المعلومات عند ارسالها من جهة إلى أخرى، ويحدث هذا التعامل غالباً أثناء تبادل الرسائل خلال الشبكات:,6.3
الأبواب الخلفية ربما تكون بواسطة أحصنة طروادة أو الديدان أو الزرع أو أساليب أخرى.,7.6
طريقة أخرى شجعت منشئي هذه البرامج على الاستفادة ماديًا منها هي استخدام هذه الحواسيب لتقوم بالعمل عنهم. ففيروساتالسخام(أو الرسائل الغير مرغوبة) ومنها عائلة فيروسات Sobig وMydoom تعمل لصالح عصابات سخام البريد الإلكتروني. فالحواسيب المصابة تستخدم مخدمات وكيلة لإرسال الرسائل غير المرغوب بها. والفائدة التي يجنيها مرسل الرسائل باستخدامه الحواسيب المصابة هي توافرها بكميات كبيرة، كما أنها تؤمن لهم الخفاء، وتحميهم بذلك من الملاحقة. كما أن مرسلي هذه الرسائل قاموا باستخدام الحواسيب المصابة لتنظيم هجمات حجب خدمة موزعة تستهدف المؤسسات المضادة لهذا النوع من رسائل السخام.,1.5
يحدد البعض الفرق بين الفيروسات والديدان بقولهم أن الفيروس يتطلب تدخل المستخدم كي ينتشر بينما الدودة تنتشر بشكل تلقائي. وبذلك يمكن تصنيف العدوى المنتشرة بواساطة البريد الإلكتروني على أنها فيروسات، لأنها تعتمد على فتح مستلم الرسالة الملف المرفق كي تقوم البرمجية الخبيثة بإصابة النظام.,0.8
الخادم النيابي (سواء أكان يعمل على معدات مخصصة أو برامج الأجهزة المتعددة الوظائف) قد يعمل مثل كجدار ناري بالاستجابة إلى العبوات الداخلة (طلبات الاتصال على سبيل المثال) بطريقة تشبه التطبيق مع المحافظة على حجب العبوات الأخرى.,0.7
بعد أن تُنصب البرمجية الخبيثة على النظام يكون من الأفضل في العديد من الأحيان لكاتب البرمجية أن تبقى مخفية. الأمر ذاته صحيح عندما يخترق شخص ما حاسبًا بشكل مباشر. وهذه التقنية التي تعرف باسم روتكيت تؤمن هذا الإخفاء وذلك عن طريق تعديل ملفات النظام المضيف بحيث يكون البرنامج الخبيث مخفيًا عن المستخدم. علاوةً على ذلك قد تقوم الروتكيت بمنع العملية الخاصة بالبرمجية الخبيثة من الظهور في قائمة البرامج التي تعمل، أو منع ملفاتها من القراءة.,8.5
أول بحث نشر عن تقنية الجدار الناري كانت عام 1988، عندما قام مهندسون من (DEC) بتطوير نظام مرشح عرف باسم جدار النار بنظام فلترة العبوة، هذا النظام الأساسي يمثل الجيل الأول الذي سوف يصبح عالي التطور في مستقبل أنظمة أمان الإنترنت. في مختبرات AT&T قام بيل شيزويك وستيف بيلوفين بمتابعة الأبحاث على ترشيح العبوات وطوروا نسخة عاملة مخصصة لشركتهم معتمدة على التركيبة الأصلية للجيل الأول.,1.7
منذ الظهور واسع النطاق للوصول إلى الإنترنت من خلال حزم النطاق العريض، وعلى نحو أكثر تواترا صممت البرمجيات الخبيثة من أجل الربح. منذ عام 2003، صممت معظم الفيروسات والديدان بنطاق واسع للسيطرة على أجهزة المستخدمين لاستغلالهم في السوق السوداء.[6]وتستخدم البرمجيات الخبيثة، أحيانا، على نطاق واسع ضد الحكومة أو مواقع الشركات لجمع المعلومات ذات الحراسة المشددة[7]، أو لتعطيل عملها بشكل عام. ومع ذلك، غالبا ما تستخدم البرمجيات الخبيثة ضد الأفراد للحصول على معلومات شخصية مثل أرقام الضمان الاجتماعي وأرقام بطاقات الائتمان أو البنك، وهلم جرا. أجهزة الحواسيب الشخصية وأجهزةشبكة الحواسيبيمكن أن تكون في خطر كبير ضد هذه التهديدات، فيما لو تركت بدون حراسة. (وفي أغلب الأحيان، يتخذ إجراء مضاد بوساطة أنواع مختلفة منالجدران النارية، برمجياتمكافحة الفيروسات،وأجهزة الشبكة).[5],3.1
الديدان الأولى أو البرامج المعدية والتي تسبب عبئًا على الشبكة، لم تبدأ علىالحواسب الشخصيةفحسب بل على أنظمة يونكس متعددة المهام. وأول دودة عرفت بشكل جيد كانت دودة الإنترنت Internet Worm عام 1988 والتي أصابت أنظمةصن أو إسوVAXتوزيعة برمجيات بيركلي. وعلى خلاف الفيروسات فإن هذه الديدان لم تضف نفسها إلى برامج أخرى، بل إنها استغلت ثغرات أمنية في برامج مخدم الشبكة وبدأت بتشغيل نفسها بصفتها برامج مستقلة. وهذا هو الأسلوب المتبع ذاته في الديدان المنتشرة في هذا الوقت.,9.6
وظيفة جدار الحماية من داخل الشبكة هو مشابه إلى أبواب الحريق في تركيب المباني. في الحالة الأولى يستعمل في منع اختراق الشبكة الخاصة، وفي الحالة الثانية يعطل دخول الحريق من منطقة (خارجية) إلى بهو أو غرفة داخلية.,6.6
والمعالجة الشاملة لموضوع إدارة المخاطر هو خارج عن نطاق هذا المقال. ومع ذلك، سوف تقدم تعريفا مفيدا لإدارة المخاطر تكون كذلك بعض المصطلحات الأساسية ويشيع استخدامه في عملية إدارة المخاطر.,7.7
أصبحت النظم المعلوماتية وقواعد البيانات وشبكات الاتصال عصب العالم المعرفي والصناعي والمالي والصحي وغيرها من القطاعات. حيث أصبح من المهم الحفاظ على أمن المعلومات بعناصره الرئيسية الثلاث: السرية والصوابية والاستمرارية. وعلى المستوى العالمي يبرزنظام الأيزوللاعتماد والتقييم والتقييس 27001 لضمان أمن المعلومات. كما يوجد نظام HIPAA في الولايات المتحدة الأمريكية لضمان أمن المعلومات الصحية ونظام COBIT من ISACA لأمن المعلومات.,6.2
"بعض المنشورات بقلم جين سبافورد من جامعة بوردو، بيل شيزويك من مختبرات AT&T، وماركوس رانوم شرحت جيلاً ثالثاً من الجدارن النارية عرف باسم «الجدار الناري لطبقات التطبيقات» (Application Layer Firewall)، وعرف أيضا بالجدار الناري المعتمد على الخادم النيابي (Proxy server). وعمل ماركوس رانوم قاد ابتكار أول نسخة تجارية من المنتج. قامت ""DEC"" بإطلاق المنتج تحت اسم ""SEAL"".",8.3
لصناعة الطيران أهمية خاصة عند تحليل أمن الحاسوب بسبب المخاطر التي تنطوي عليها الحياة البشرية وتشمل، المعدات غالية الثمن، والبضائع، والبنية التحتية للنقل. يمكن أن يتعرض الأمن للخطر بسبب سوء تصرف الأجهزة والبرمجيات، والخطأ البشري، وبيئات التشغيل الخاطئ. والتهديدات التي تستغل الثغرات الحاسوبية يمكن أن تنبع من التخريب والتجسس، والمنافسة الصناعية، والهجوم الإرهابي، والعطل الميكانيكي، والخطأ البشري.,8.4
في البيئات التجارية، فإن الغالبية من خروقات تخريب البرمجيات تنتج من أنواع قليلة معروفة من عيوب الترميز. عيوب عامة للبرامج تشملالهشاشة،فيض الدارئ، وخروقات سلسلة البناء، تجاوز العدد الصحيح،وبرمجة بالحقن.,1.4
هو برنامج حاسوب خبيث، غالبا ما يكون مختفي داخل برنامج آخر يبدو غير ضار، ويقوم الفيروس بإعادة نسخ وإنتاج نفسه ووضع نفسه داخل برامج أخرى أو ملفات، وغالبا ما يؤثر ذلك بتدمير البيانات.,0.3
نظام التشغيلمالتيكسالبدائي كان لافتا لتركيزه المبكر على أمن الحاسوب حسب التصميم، وربما كان مالتيكس النظام التشغيلي الأول ليصمم على شكل نظام آمن من الألف إلى الياء. وعلى الرغم من هذا، فقد خرق أمن مالتيكس، ليس مرة واحدة، ولكن بشكل متكرر. والاستراتيجية كانت تعرف باسم 'اختراق واختبار'، وأصبحت معروفة على نطاق واسع باعتبارها عملية غير منتهية فشلت في إنتاج أمن الحاسوب. وأدى هذا إلى مزيد من العمل بشأن أمن الحاسوب الذي استبق تصورات التقنيات الهندسية الأمنية الحديثة المنتجة لشكل مغلق من العمليات التي تنهي عند اختراق الحاسوب.,3.6
واليوم فإن الديدان غالبًا ما يتم كتابتها لأنظمة تشغيلويندوزعلى الرغم من أن عددًا آخر منها تكتب لأنظمة أخرى. وتعمل الديدان اليوم بنفس الطريقة التي عملت بها دودة عام 1988، فهي: - تفحص الشبكة بحثًا عن حواسب عليها خدمات قابلة للاختراق. –تخترق هذه الحواسب. –ومن ثم تنسخ نفسها إليها. إن انتشار الديدان أصبح وباءً متكررًا لكل من المستخدمين المنزليين والأعمال، لكنها محدودة الضرر نسبيًا إذا ما قورنت مع ضرر برامج التجسس.,1.5
إن حماية المعلومات هو أمر قديم ولكن بدأ استخدامه بشكل فعلي منذ بدايات التطور التكنولوجيا ويرتكز أمن المعلومات إلى:-,6.5
يمكن أن تتعرض الحواسيب الشخصية وأيضا الشبكية المتروكة بدون حماية للكثير من التهديدات من البرامج الخبيثة، (وفي معظم الأحيان لحمايتها يستعان ببرامجالجدران النارية، وبرامجمكافحة الفيروسات،وأجهزة الشبكة).[5],4.3
أولا نظام بليسسي 250 ثم حاسوب كامبردج كاب برهنا على استخدام القدرات، سواء في الأجهزة أوالبرمجيات، في السبعينات من القرن العشرين. أحد الأسباب لعدم تبني القدرات أن ACLs ربما يبدو أنها قدمت حل سريع 'للأمن من دون إعادة تصميم متفشي لنظام التشغيل والأجهزة.,2.2
يكمن مصادر الفيروس من خلال الرسائل الإلكترونية المجهولة، صفحات الإنترنت المشبوهة، نسخ البرامج المقلدة، استخدام برامج غير موثقة، كذالك تبادل وسائل التخزين دون عمل فحص مسبق مثل الأقراص والذاكرة المتنقلة وإرسال الملفات داخل الشبكة المحلية. للفيروس ثلاث خواص مؤثرة وهي:,1.8
السرية هو المصطلح المستخدم لمنع الكشف عن معلومات لأشخاص غير مصرح لهم بالأطلاع عليها أو الكشف عنها. على سبيل المثال، استعمالبطاقة الائتمانفي المعاملات التجارية علىشبكةيتطلب إدخال رقم بطاقة الائتمان على أن تنتقل من المشتري إلى التاجر ومن التاجر لإنجاز وتجهيز المعاملات على الشبكة. يحاول النظام فرض السرية عن طريقتشفيررقم البطاقة أثناء الإرسال، وذلك بالحد من الوصول إلى أماكن تخزين أو ظهور تسلسل رقم البطاقة (فيقواعد البيانات، وسجل الملفات، النسخ الاحتياطي، والإيصالات المطبوعة)، وذلك بتقييد الوصول إلى الأماكن التي يتم تخزين الرقم والبيانات بها. اماإذا كان الطرف غير المصرح له قد حصل على رقم البطاقة بأي شكل من الأشكال فإن ذلك يعد انتهاكا لمبدأ السرية في حفظ وتخزين البيانات.,9.8
ويهتم بالعمليات والآليات الجماعية التي من خلالها تٌحمى المعلومات والخدمات الحساسة والقيمة من النشر، والعبث بها أو الإنهيار الذي تسببه الأنشطة غير المأذون بها أو الأفراد غير الجديرين بالثقة، والأحداث غير المخطط لها على التوالي. أو بعبارة أخرى: هو الجهد المستمر لحماية الأنظمة والبيانات المتصلة بالشبكة من الاستخدام غير المصرح به.,7.1
عند أي خطر معين، يمكن أن تختار الإدارة التنفيذية قبول المخاطرة استنادا إلى انخفاض القيمة النسبية للموجودات، وتواتر حدوث منخفضة نسبيا، وأثر انخفاض نسبي على الأعمال التجارية. أو، قد تختار القيادة التخفيف من المخاطر من خلال تحديد وتنفيذ تدابير الرقابة المناسبة للحد من المخاطر. في بعض الحالات، يمكن أن يكون خطر نقل إلى آخر أعمال التأمين عن طريق شراء أو التسنيد إلى آخر الأعمال. قد واقع بعض المخاطر يمكن الجدال فيها. في مثل هذه الحالات قد تختار القيادة إنكار المخاطر. هذا هو في حد ذاته يشكل خطرا محتملا,8.9
"ينص التعريف التالي لإدارة المخاطر : ""إدارة المخاطر هي عملية التعرف على نقاط الضعف والتهديدات الموجهة إلى موارد المعلومات التي تستخدمها المنظمة أو الشبكة المعلوماتية في تحقيق الأهداف التجارية أو الأخرى، والحد والتقليل من نقاط الضعف إن وجدت، لتأخذ في الحد من المخاطر إلى مستوى مقبول، على أساس قيمة موارد المعلومات إلى المنظمة. """,8.1
رقابة هامة المادية التي كثيرا ما يتم تجاهلها في الفصل بين الواجبات. الفصل بين الواجبات ويضمن أن الفرد لا يستطيع إكمال المهمة الحاسمة بنفسه. على سبيل المثال : الموظف الذي يقدم طلبا لسداد لا ينبغي أيضا أن يكون قادرا على أن يأذن بدفع أو طباعة الشيك. مبرمج تطبيقات لا ينبغي أن يكون أيضا مسؤول الملقم أو مدير قاعدة البيانات—هذه الأدوار والمسؤوليات يجب أن تكون مفصولة عن بعضها البعض,4.9
هذا النوع من الخدمة يقوم فيه القرصان أو المعتدي بإجراء أعمال خاصة تؤدي إلى تعطيل الأجهزة التي تقدم الخدمة Server في الشبكات.,6.3
"مثل (spyware، botnets، loggers و dialers)
خلال فترة الثمانينيات والتسعينيات كانت الفكرة عن البرامج الخبيثة أنها برمجيات أنشئت بهدف التخريب أو المزاح. ولكن وفي الآونة الأخيرة فإن معظم البرمجيات الخبيثة قد كتبت بدافع ربحي. برغبة من كاتبي هذه البرامج من السيطرة على الأنظمة المصابة وتحويل هذه السيطرة لتعود عليهم بعائد مادي.
ومنذ حوالي عام 2003 أصبحت أكثر البرمجيات الخبيثة كلفةً[18](من حيث المال والوقت اللازم لاستعادة الأنظمة) هيبرامج التجسس.",3.9
الرقابة الإدارية تشكل أساسا للاختيار وتنفيذ الضوابط المنطقية والفيزيائية. الضوابط المنطقية والفيزيائية هي مظاهر الرقابة الإدارية. الضوابط الإدارية لها أهمية قصوى.,8.5
وحتى يتمكنوا من تنسيق نشاطات عدة حواسيب مصابة قام المهاجمون باستخدام أنظمة تنسيق معروفة باسم botnets. في هذه الأنظمة تقوم البرمجية الخبيثة بالدخول إلىبروتوكول الدردشة عبر الإنترنتأو نظام دردشة آخر. ويستطيع المهاجم إعطاء تعليمات إلى جميع الأنظمة المصابة بنفس الوقت. ومن الممكن استخدام أنظمة BotNets لتحميل نسخة محدثة من البرمجية الخبيثة إلى النظام المصاب لتبقيهم عاصين على مضاد الفيروسات أو أي مقاييس أمنية أخرى.,7.2
الأنظمة المصممة مع مثل هذه المنهجية تمثل حالة فن أمن الحاسوب على الرغم من أن المنتجات التي تستخدم هذا النوع من الأمن ليست معروفة على نطاق واسع. وفي تناقض حاد مع معظم أنواع البرمجيات، فأنها مطابقة للمواصفات مع اليقين إنه يمكن التحقق منها وفقا لمواصفات مماثلة للحجم والوزن والقوة. أنظمة التشغيل الآمنة المصممة بهذه الطريقة تستخدم أساسا لحماية الأمن القومي للمعلومات والأسرار العسكرية، والبيانات من المؤسسات المالية الدولية. هذه أدوات أمنية قوية جدا وعدد قليل جدا من أنظمة التشغيل الآمنة صدقت على أعلى مستوى (الكتاب البرتقالي أ- 1) لتعمل على مجموعة من «سري جدا» إلى «غير مصنف» (بما في ذلك Honeywell وSCOMP و USAF و SACDIN و NSA Blacker وشبكة Boeing MLS. وضمان الأمن لا يتوقف فقط على سلامة إستراتيجية التصميم، ولكن أيضا على التأكد من صحة التنفيذ، وبالتالي هناك درجات من القوة الأمنية المحددة لCOMPUSEC. والمعايير العامة تحدد القوة الأمنية للمنتجات من حيث عنصرين، وظائف الأمن ومستوى الضمان (مثل اختبار مستويات تقييم الضمان EAL)، وهذه محددة في ملف حماية للمتطلبات وللهدف الأمني لمواصفات المنتجات. لا أحد من هذه الأنظمة التشغيلية فائقة الضمان الآمنة المستخدمة للأغراض العامة تم إنتاجها لعقود أو تم اعتمادها بموجب المعايير المشتركة.,6.7
إن كلالتقنياتالتي وصل إليها العالم لا يمكن ان تعيش من دون أمن المعلومات. فعلى سبيل المثال، نظام البنوك لو لم يكن هناك أمن المعلومات لاستطاع أي شخص ان يدخل على النظام ويغير حسابه ويصبح مليونير من لا شيء.,8.5
في عام 2002، اقترحدون باركرنموذجا بديلا للثالوث التقليدي (CIA). يتكون نموذج باركر من ستة عناصر من أمن المعلومات. العناصر هيالسرية،الحيازة،السلامة،الأصالة،التوفروالأداة. إنسداسي باركرهو موضع نقاش بين المتخصصين في مجال الأمن.,0.7
نشرت نواتج تمهيدية من شركةسيمانتكلمكافحة الفيروسات سنة 2008 يقترح أن البرامج الخبيثة والبرامج غير المرغوب بها ربما يتعدى في العدد البرامج والتطبيقات الفعلية القانونية، بناء على ما تقوله F-Secure سنة 2007 أن ذلك بقدر الناتج من العشرين سنة السابقة.,9.0
"فلاتر العبوات لنسخ متعددة من ""UNIX"" هي، ""IPF"" (لعدة)، IPFW"" "" (FREEBSD /MAC OS X)، ""PF"" (OPEN BSD AND ALL OTHER BSD)، IPTABELSIPCHAINS (LINUX).",7.6
